Title,Text,Author,Upvotes,Date,URL,Comments,Subreddit
"General Questions and Purchasing Advice Thread ‚Äî Week of February 10, 2025","**Need help choosing an EV, finding a home charger, or understanding whether you're eligible for a tax credit? Vehicle and product recommendation requests, buying experiences, and questions on credits/financing are all fair game here.** 

# Is an EV right for me? 

Generally speaking, electric vehicles imply a larger upfront cost than a traditional vehicle, but will pay off over time as your consumables cost (electricity instead of fuel) can be anywhere from 1/4 to 1/2 the cost. Calculators are available to help you estimate cost ‚Äî here are some we recommend: 

* [https://www.chargevc.org/ev-calculator/](https://www.chargevc.org/ev-calculator/)
* [https://chooseev.com/savings-calculator/](https://chooseev.com/savings-calculator/)
* [https://electricvehicles.bchydro.com/learn/fuel-savings-calculator](https://electricvehicles.bchydro.com/learn/fuel-savings-calculator)
* [https://chargehub.com/en/calculator.html](https://chargehub.com/en/calculator.html)

# Are you looking for advice on which EV to buy or lease? 

Tell us a bit more about you and your situation, and make sure your comment includes the following information:        

>\[1\] Your general location  
>  
>\[2\] Your budget in $, ‚Ç¨, or ¬£  
>  
>\[3\] The type of vehicle you'd prefer  
>  
>\[4\] Which cars have you been looking at already?   
>  
>\[5\] Estimated timeframe of your purchase  
>  
>\[6\] Your daily commute, or average weekly mileage  
>  
>\[7\] Your living situation ‚Äî are you in an apartment, townhouse, or single-family home?  
>  
>\[8\] Do you plan on installing charging at your home?  
>  
>\[9\] Other cargo/passenger needs ‚Äî¬†do you have children/pets?

*If you are more than a year off from a purchase, please refrain from posting, as we currently cannot predict with accuracy what your best choices will be at that time.* 

# Need tax credit/incentives help? 

* üá®üá¶ CAN ‚Äî¬†[Transport Canada iZEV Program](https://tc.canada.ca/en/road-transportation/innovative-technologies/zero-emission-vehicles)
* üá∫üá∏ USA ‚Äî¬†[Clean Vehicle Provisions of Inflation Reduction Act](https://home.treasury.gov/news/press-releases/jy1179)

# Check the Wiki first. 

Don't forget, our Wiki contains a wealth of information for owners and potential owners, including:

* [EV Databases](https://www.reddit.com/r/electricvehicles/wiki/index/evreleases)
* [Dealer Markup Tracking](https://www.reddit.com/r/electricvehicles/wiki/index/dealermarkuptracker)
* [General Resources](https://www.reddit.com/r/electricvehicles/wiki/index/resources)

*Want to help us flesh out the Wiki? Have something you'd like to add? Contact the mod team with your suggestion on how to improve things, we can discuss approach and get you direct editing access.*",AutoModerator,6,2/10/2025 13:00,https://www.reddit.com/r/electricvehicles/comments/1im5jxf/general_questions_and_purchasing_advice_thread/,94,electricvehicles
EV Sales Exploded At The End of 2024. Here's Why,,rumblepony247,149,2/16/2025 14:51,https://insideevs.com/news/750789/ev-registration-beat-tax-credit/,30,electricvehicles
"New Xiaomi EV spotted in Yosemite National Park, any clue on what it is or anything about it?",,eyyowhyisdeathgood,367,2/16/2025 6:24,https://i.redd.it/xp3ojivq2gje1.jpeg,76,electricvehicles
The Hyundai Ioniq 5 Is Stealing Tons Of Buyers From Other Brands,,self-fix,1414,2/15/2025 19:47,https://insideevs.com/news/750818/hyundai-ioniq-toyota-bz4x-conquests/,293,electricvehicles
"New York‚Äôs MTA further electrifies fleet, with order for 265 battery-electric buses from NFI subsidiary New Flyer",,shares_inDeleware,26,2/16/2025 16:04,https://www.globenewswire.com/news-release/2025/02/14/3026564/0/en/New-York-s-MTA-further-electrifies-fleet-with-order-for-265-battery-electric-buses-from-NFI-subsidiary-New-Flyer.html,0,electricvehicles
Mazda 6e to launch in Thailand in 2025 amid Southeast Asia EV expansion,,Elegant_Addendum_223,19,2/16/2025 12:49,https://carnewschina.com/2025/02/16/mazda-6e-to-launch-in-thailand-in-2025-amid-southeast-asia-ev-expansion/,2,electricvehicles
Total sales of the Xiaomi SU7 have surpassed Tesla's Model 3 in China since deliveries began in April 2024,"Since the time Xiaomi SU7 went on sale, it has now sold more units than Tesla M3 within China. Incredible feat considering their production were constrained for a long time. 

Source: [https://xcancel.com/TroyTeslike/status/1890734386233966945](https://xcancel.com/TroyTeslike/status/1890734386233966945)",straightdge,169,2/16/2025 0:45,https://www.reddit.com/r/electricvehicles/comments/1iqg5b5/total_sales_of_the_xiaomi_su7_have_surpassed/,40,electricvehicles
Chevy gets EV of year award:,,InternationalTop8162,242,2/15/2025 20:23,https://motorweek.org/press-releases/motorweek-announces-its-2025-drivers-choice-awards-best-of-the-year-chevrolet-equinox-ev/,160,electricvehicles
"The EV2 is Kia‚Äôs smallest, cheapest electric car, and it‚Äôs coming your way soon",,self-fix,341,2/15/2025 16:48,https://www.topgear.com/car-news/electric/ev2-kias-smallest-cheapest-electric-car-and-its-coming-your-way-soon,125,electricvehicles
Traded my '22 model 3 for a 25 M59 and dammmmnnn,"I was in negotiation to sell the model 3 when I thought I had a deal on an ioniq 5 limited. The deal fell through on the Hyundai but not the model 3 so I was without a car for a few days. I decided to rent an ioniq while I continued to look for a car. 

I had negotiated a deal for an M50 from a local BMW dealership but I didn't like the deal. I posted it on leasehackr and people were like nah fam.

I was deeply regretting selling the Tesla. But because of you all, I reached out to Zack at ZZ Auto in SoCal. He worked out a deal on an M50 that was better than the deals I was getting on the ioniq or the other M50. He was fantastic!

I'm paying less now than I was for the model 3 and for me it is a better car. I thought I would miss the Tesla but not even 1 cm. I've been a BMW driver my entire adult life until the Tesla and it is so good to be back in a car with excellent suspension, better turning, better feel. And a lot less noisy. A lot. I got the Harman kardon package and the sound system is fantastic. A lot more clear than the model 3. 

I think the ioniq is a fantastic car for the price. Unbeatable. But I'm all about performance and willing to pay a bit more for it.

I was taking some pictures and a super hot woman walked by and said nice wheels! I never got that in the model 3. Also before you thathappened me, I'm a straight woman but I still loved this moment. I would have switched teams if I could.

The things I like more are the feel of the car, the hud, the interior comfort, Android auto, the overall look though I still don't love the huge grill in front. Things that feel basically the same is the one pedal driving, the sound system is better and more clear in the BMW but it's not a huge difference. What I miss is the Tesla had more containers including back pockets on the seats for stuff in the cabin. And I liked reverse and drive on the steering wheel versus in the center but I'll get used to that. I also liked that I didn't actually have to start the car.

Walk away locking is just as good. Actually it happens a little bit faster which I like. I don't have to just stand there and wait. I like having more physical buttons. The acceleration is just as panty dropping. Like I said the turns are much better.

Model 3 is still a fantastic car, but I have zero regrets getting rid of it. Especially since now I'm not sending a message I don't intend to send. And I don't have to have a silly bumper sticker on my car anymore.

I have at home charging and in my 3 years of having the model 3 I only charged it externally once, So that wasn't really a variable but the range seems similar by all reports. I am very happy!

Now I just have to find a good place in SoCal to get the windows tinted.",Toosder,38,2/16/2025 3:41,https://www.reddit.com/r/electricvehicles/comments/1iqje9l/traded_my_22_model_3_for_a_25_m59_and_dammmmnnn/,76,electricvehicles
Sunday China Drive |¬†Deepal S05: a strong rival to the Geely Galaxy E5,,Elegant_Addendum_223,7,2/16/2025 12:51,https://carnewschina.com/2025/02/15/sunday-china-drive-deepal-s05-a-strong-rival-to-the-geely-galaxy-e5/,0,electricvehicles
Why Don't EVs Come With Spare Tires?,,Dockalfar,33,2/16/2025 4:37,https://insideevs.com/features/750652/ev-spare-tires/,132,electricvehicles
Hyundai‚Äôs NACS adapter for EVs will be free to all existing owners | Existing Hyundai EV owners will just need their VIN to claim their free adapter.,,ControlCAD,381,2/15/2025 13:04,https://arstechnica.com/cars/2025/02/hyundais-nacs-adapter-for-evs-will-be-free-to-all-existing-owners/,57,electricvehicles
"BYD expects to begin 'demonstration use' of all-solid-state batteries by 2027, exec says",,Peugeot905,177,2/15/2025 17:04,https://cnevpost.com/2025/02/15/byd-demonstration-use-all-solid-state-batteries-2027/,35,electricvehicles
Calculate just for fun.,"New question.

Assume ioniq 5 with 245kW charging speed (it has a very good charging curve too). Assume it is summer and the battery is preconditioned. Charging stations are available every 5 miles for next 1000miles.


According to EPA, an AWD model would get 242 miles range (100% battery). Let's assume those exact weather conditions.

Now, would it be better to go fast like 79 to 84mph and charge to 90% which takes 30mins and travel only 200 miles.

Over EPA speed for 242 miles first, then 10-80% at 18mins for the rest of the trip? 

Let's assume we are traveling 1000miles to destination. 

Additional breaks not needed, as we will take care of food and restroom breaks etc during charging sessions. ",theepi_pillodu,4,2/16/2025 13:11,https://www.reddit.com/r/electricvehicles/comments/1iqrwgt/calculate_just_for_fun/,18,electricvehicles
Dodge Charger Daytona Scat Pack EV vs. Ford Mustang Dark Horse Comparison Test: End of the Muscle Car?,,BBQCopter,19,2/16/2025 4:50,https://www.motortrend.com/reviews/2024-dodge-charger-daytona-scat-pack-electric-vs-ford-mustang-dark-horse-comparison-test-review/,20,electricvehicles
"Chevy Unveils New Spark EV For South America, Courtesy Of China",,Apolloie2590,129,2/15/2025 16:46,https://www.carscoops.com/2025/02/chevrolet-spark-returns-as-a-rebadged-chinese-ev-for-south-america/,62,electricvehicles
Rebate question - two people on the title,"Looking at getting a used Polestar soon, however I am getting conflicting information. I am a single filer, but want to put my girlfriend on the title so she can drive it in the event I need an her ICE for a trip. I do not qualify for the credit due to my income, but she does. She lives in my house, essentially married but not legally, I guessü§£

Is it all or nothing? Or will the purchase still qualify because she qualifies?",Creepy_Face454,0,2/16/2025 16:25,https://www.reddit.com/r/electricvehicles/comments/1iqvvdg/rebate_question_two_people_on_the_title/,13,electricvehicles
Why Some States Don't Let You Buy Vehicles Directly From The Manufacturer,,jeffsmith202,34,2/15/2025 20:26,https://www.youtube.com/watch?v=Yxvo3EcSIh0,52,electricvehicles
BG SyncEV Charger Issue,I bought a house that came with a Sync EV charger but I don't have the activation code needed to use it. What can I do? ,The_GEP_Gun_Takedown,1,2/16/2025 15:16,https://www.reddit.com/r/electricvehicles/comments/1iquccd/bg_syncev_charger_issue/,1,electricvehicles
I was an early reservation holder for the Cybertruck but I bought the Lighting and traded my Model3 for a ZDX for the wife.,"Truly a love hate relationship.

In 2017 I was traveling 134 + up to 20 miles additionally round trip everyday for work.  I had scaled down from my 2013 Tundra to a used 04 Prius with  140k miles on it in the effort to save money.  
I dove deep into hypermiling and without being crazy and doing over the top aerodynamic mods, I was averaging about $200 in gas every month and a $50 oil change monthly for every 5k miles.
I started looking into PHV‚Äôs and the best I could find at the time was 40 miles of range before turning to ICE.  While driving around one day,  I passed the Tesla Dealership in Springfield NJ.  I had only just learned of the Tesla Model S and thought they were basically a novelty much like the fisher Ocean.  Didn‚Äôt know much but thought let me stop.  The Salesperson introduced me to the model 3 and I fell in LOVE.  The technology and sportiness and it was unusual.   To boot,  no oil changes,  no brakes in 115k miles and my electricity bill only went up $100.  Totally worth it! 
I saw so much potential in the technology and became a quick fan boy.  Started following Elon on Twitter and would watch Tesla time news.  I even convinced my wife to let me invest $35k in TSLA.  And that‚Äôs where the journey changed.
Not knowing much about markets, and missing out on opportunities like google and Apple, I jumped on Schwab and hit buy.
This was fitting the time Elmo was dropping hints about the coming truck and boy that‚Äôs what I really wanted. An Electric pick up. So I hit buy and like the true fan boy I was, I checked twitter for Elmo updates.  I shit you not,  2 minutes after hitting buy,  he tweets, ‚ÄúI think my stock is overpriced‚Äù.   And I watched the value of the stock plummet $200.  I was mortified at my decision.  I felt foolish, but I held. And it all worked out. I held through both Stock Splits and made quite a bit of money.
Unfortunately, as I held on to that stock and watched it grow, it blinded me from what was really going on.  The tweets got uglier and uglier. But I still bought my second Model3. 

But enough became enough.  When Elmo endorsed Trump, I sold all my shares as a start.  And today, we traded my girl in for an Acura ZDX for my wife.  

We feel lighter not being saddled with a symbol of hate.  The car was amazing for being the pioneer it was.  But the quality of other EV‚Äôs that are out here now is worlds better.  Still behind on the software, but I have realized we are still in the novelty stage with the software anyway.

‚ÄúI bought before I knew he was crazy‚Äù
",4TheOutdoors,569,2/15/2025 2:29,https://www.reddit.com/r/electricvehicles/comments/1iprkfl/i_was_an_early_reservation_holder_for_the/,204,electricvehicles
"Wuling Zhiguang EV with 201 km range enters market at 6,590 USD",,tech57,57,2/15/2025 13:36,https://carnewschina.com/2025/02/14/wuling-zhiguang-ev-with-201-km-range-enters-market-at-6590-usd/,47,electricvehicles
Electric vehicle market trends: Conquest insights by brand,"For this study, we looked at 29 newly released BEV models to assess their ability to conquest new customers into the brand. To qualify, the vehicle must have met certain criteria:

Be on the market in October 2024.
Have at least 15 months of data available (3-month launch period plus 12 months of data).
Minimum of 1,000 return-to-market (RTM) count from launch through October 2024.
Conquest rates and electric vehicle market trends
Generally, BEV models conquest new customers into the brand at a higher rate than the brand average. In this study, more than two-thirds of the BEVs outperformed their respective brands.

Top three performers:
Hyundai Ioniq 5: 74.2% were conquests from competitive brands, which is 21.7 percentage points better than the Hyundai brand overall.
Cadillac Lyriq: 72.6% were conquests from competitive brands, which is 16.0 percentage points better than the Cadillac brand.
GMC Hummer EV (pickup): 71.3% were conquests from competitive brands, which is 16.3 percentage points better than the GMC brand.
Lowest three performers:
Toyota BZ4X: 33.5% were conquests from competitive brands, 7 percentage points below Toyota brand.
Nissan Ariya: 40.9% were conquests from competitive brands, 0.4 percentage points below Nissan brand.
Subaru Solterra: 45.3% were conquests from competitive brands, 2.3 percentage points below Subaru brand.
Also noteworthy is the fact that Ford is attracting new customers at a relatively high rate. The Mustang Mach-E and F-150 Lightning are two of the top three models in conquest rates relative to the brand average. The conquest rates for both Ford EVs were more than 20 percentage points above the Ford brand average. ¬≠",Bravadette,12,2/15/2025 21:19,https://www.spglobal.com/automotive-insights/en/blogs/2025/02/electric-vehicle-market-trends-conquest-insights?fbclid=IwY2xjawId46hleHRuA2FlbQIxMQABHRK1q_P2yhiFAkao16vux8OUxjlia2-un-qKxHTgiO7tBxwo7F7EGuzz0Q_aem_6oRiAr4-js_YPk-lznyyOw,3,electricvehicles
Will EVs in the US market catch up?,"I speak not in terms of sales, but in terms of the technology. Things such as charging speed, charging curve, battery density, ADAS, and other general tech features.

I read more and more about the leaps and bounds that Chinese EVs have made within the last 5 years and how they‚Äôre so ahead of everyone else in terms of EV technology.

I understand that Chinese EVs aren‚Äôt perfect and they have flaws too. But as of right now, they are seen as the best in terms of EV tech. 

Will EVs sold for the US market eventually catchup to the technology of Chinese EVs?



",SaphyreDark,0,2/16/2025 16:33,https://www.reddit.com/r/electricvehicles/comments/1iqw2lg/will_evs_in_the_us_market_catch_up/,38,electricvehicles
"Tesla offers up to $6,000 Cybertruck discounts as inventory pile up",,SpriteZeroY2k,1335,2/14/2025 17:26,https://electrek.co/2025/02/14/tesla-offers-up-to-6000-cybertruck-discounts-as-inventory-pile-up/,619,electricvehicles
How Pakistan could undercut US efforts to curb China's EV boom,,TOOTHTODAY,32,2/15/2025 11:42,https://www.csmonitor.com/layout/set/amphtml/World/Asia-South-Central/2025/0214/China-EV-boom-Pakistan-trade,30,electricvehicles
Elon Musk‚Äôs Toxicity Could Spell Disaster for Tesla,,subsolar,1156,2/14/2025 15:20,https://www.wired.com/story/elon-musks-toxicity-could-spell-disaster-for-tesla/,477,electricvehicles
Road trip rental with G80e,"Hello,

I am considering renting a G80e through avis to do a yosemite road trip from SF later this year. I'm a bit uncertain about charging the car. From my understanding, if I get a newer model, it comes with the NACS port which can charge at any tesla supercharger. However, if I get an older model, it comes with a CCS port which would need an adaptor. Would someone be able to clarify this for me? Also, does any know if avis would provide a NACS to CCS converter in that case? Thank you!",Big_Log_4062,1,2/16/2025 4:13,https://www.reddit.com/r/electricvehicles/comments/1iqjxrj/road_trip_rental_with_g80e/,3,electricvehicles
New US and Canadian CCS chargers in January 2025,"Hey electrons,

**Here are all (\*) of the new US and Canadian CCS (Level 3 fast-charging) stations that rolled out in January 2025,**¬†according to the US Department of Energy. You can¬†[get the data yourself here](https://afdc.energy.gov/data_download).

These chargers are suitable for most new EVs on the market, except for:

1. Tesla drivers who haven't bought the official CCS adapter yet. Certain older Teslas need additional work done to accept the adapter.
2. Nissan Leaf owners, owners of the Mitsubishi Outlander PHEV, and some owners of older cars that also use CHAdeMO. If you drive such a car, see my matching post in¬†r/leaf.

**Some of these chargepoints will be ""refreshes,""**¬†e.g. the provider replaced them with faster chargers etc. Some may be incorrect. This report is only as good as the Alternative Fuels Data Center data.

**There were 276 CCS charging stations with a total of 793 chargepoints added or refreshed in January 2025.**¬†For comparison, there were 205 new CCS charging stations in January 2024, with 381 chargepoints.

This month saw a solid increase over January of last year, and was comparable to November 2024, but nowhere near the levels seen in December of last year. That may very well have been caused by a rush to finish projects before the Trump administration could stop the flow of funds, but I don't have direct evidence of it.

Some of these stations are Tesla Magic Dock stations. That makes sense because all CCS drivers can use them.

**NOTE:**¬†most Tesla Superchargers do NOT have magic dock as of this writing (but all those shown in this report should have it). I recommend using the official Tesla app to locate compatible stations for your vehicle.¬†**Be aware some stations with Magic Dock still have short cords,**¬†which may require most CCS vehicles to block two chargers.

**(\*) ""What about other Tesla Superchargers? Can't everybody charge with NACS now?""**

Tesla has said they will allow cars from participating automakers to charge at v3 and newer Superchargers without Magic Dock. Since then there has clearly been a delay in the rollout. Ford, Rivian, Hyundai and GM owners can now order adapters from the manufacturer of their vehicle. Others are coming soon.

However, since non-magic-dock superchargers are open to only¬†*some*¬†CCS vehicles, this report is not the place for them. If you are interested Tesla's app provides the best guide to their locations, both those that support¬†*all*¬†CCS vehicles and those that only support the manufacturers currently permitted to use an adapter.

**""What about non-Tesla EVs with a built-in NACS port? Can they use all superchargers?""**

So far there is only one sold in volume: the 2025 Hyundai Ioniq 5. Even with a built-in NACS port, it can only use newer superchargers (generation 3 or better). However, with this car, you do not have to block two stalls to use a short Supercharger cord, which is a big advantage.

**Other Notes**

To streamline this post, multi-chargepoint locations are listed with the number of chargepoints first.

For serious trip planning, I recommend PlugShare. But by all means check out these reported new locations and submit reviews on PlugShare, which makes things better for everyone.

If you'd like to know about new chargers along your routes right away, or just prefer not to check this list monthly when new openings are rare in your area, I've set up a free service that provides email notifications as soon as they open. You can¬†[sign up at evpov.com](https://evpov.com/). Or not! I don't really have a business plan here, I built it to help EV owners like myself. PlugShare has a similar feature.

    ‚û° AK
    
    (4) Three Bears - Birchwood
    22211 Birchwood Loop Rd
    Chugiak, AK 99567
    
    ‚û° AL
    
    (8) Stivers Ford Birmingham
    500 Palisades Blvd
    Birmingham, AL 35209
    
    (4) Pilot Travel Center 1550
    1600 County Road 437
    Good Hope, AL 35055
    
    (2) Alabama Power - Greenville - Business Office
    400 Greenville Bypass
    Greenville, AL 36037
    
    (1) Carl Cannon Chevrolet Cadillac Buick Gmc
    299 Carl Cannon Blvd,
    Jasper, AL 35501
    
    (2) BMW OF MOBILE 1 CPE250-1
    3025 Government Blvd
    Mobile, AL 36606
    
    (2) Alabama Power - Thomasville - Business
    32020 Hwy 43 S
    Thomasville, AL 36784
    
    (4) TUSCALOOSA FORD POWER LINK 2
    5801 McFarland Boulevard East
    Tuscaloosa, AL 35405
    
    (19) Energy Center Charging Farm
    1  Mercedes Drive
    Vance, AL 35490
    
    (7) EOL
    1 Mercedes Dr
    Vance, AL 35490
    
    ‚û° AR
    
    (1) Mark Martin Chevrolet GMC
    41 US-62
    Ash Flat, AR 72513
    
    ‚û° AZ
    
    (2) Environmental and General Services
    4004 South Park Avenue
    Tucson, AZ 85714
    
    (2) DAIRY QUEEN TUC DQ 25DCFC CHG 2
    1760 West Speedway Boulevard
    Tucson, AZ 85745
    
    ‚û° BC
    
    (1) Chemainus Fuel Bar - 9355 Smiley Road, Chemainus
    9355 Smiley Road
    Chemainus, BC V0R 1K4
    
    (8) BC Hydro - Colwood - Quarry Park
    3588 Quarry St
    Colwood, BC V9C 4K7
    
    (2) Fort St-John Co-op Fuel Bar - 11432 100th Street, Fort St-John
    11432 100th Street
    Fort St. John, BC V1J 2S0
    
    (2) Gabriola Island Fuel Bar - 548 North Road, Gabriola
    548 North Road
    Gabriola, BC V0R 1X0
    
    (2) West Shore Parkway Fuel Bar - 4397 West Shore Parkway, Langford
    4397 West Shore Parkway
    Langford, BC V9B 5Z1
    
    (2) Cranberry Ave Fuel Bar - 1350 Cranberry Ave, Nanaimo
    1350 Cranberry Ave
    Nanaimo, BC V9R 6Z7
    
    (2) Parksville Fuel Bar - 1401 Alberni Highway
    1401 - Alberni Highway
    Parksville, BC V9P 2B8
    
    (2) Four Rivers Co-op - Westgate Fuel Bar
    6749 Westgate Ave
    Prince George, BC V2N 5T8
    
    (2) Salmon Arm Fuel Bar - 50 Trans-Canada Hwy, Salmon Arm
    50 Trans-Canada Hwy
    Salmon Arm, BC V1E 1V4
    
    (9) BC Hydro - Surrey - Panorama Place
    5577 153A St
    Surrey, BC V3S 5J9
    
    (7) BC Hydro - South Surrey - Translink Park & Ride
    3800 King George Blvd
    Surrey, BC V3Z 1G5
    
    (2) Tofino Co-op Food Store - 140 1st street, Tofino
    140 1st Street
    Tofino, BC V0R 2Z0
    
    (2) Ucluelet Food Store - 1580 Peninsula Road, Ucluelet
    1580 Peninsula Road
    Ucluelet, BC V0R 3A0
    
    (2) Four Rivers Co-op - 188 Stewart St E, Vanderhoof
    188 Stewart St E
    Vanderhoof, BC V0J 3A0
    
    (1) Fire Hall 1
    1025 Johnson St
    Victoria, BC V8V 3N7
    
    ‚û° CA
    
    (8) Anaheim Hills Village Center LP
    5624 E La Palma Ave
    ANAHEIM, CA 92807
    
    (2) US Bank Arcadia - East Foothill
    101 East Foothill Boulevard
    Arcadia, CA 91006
    
    (8) BAKER TRAVEL PLAZA
    72922
    Baker, CA 92309
    
    (8) Bakersfield Marriott
    801 Truxtun Ave
    Bakersfield, CA 93301
    
    (2) KEN GRODY FORD DC1 PL
    7717- 7703 Commonwealth Ave
    Buena Park, CA 90621
    
    (8) Lab
    615 N. Nash
    El Segundo, CA 90245
    
    (8) Vibra Hospital Sacramento
    330 Montrose Dr
    Folsom, CA 95630
    
    (4) Garden Grove Plaza
    8897 Garden Grove Blvd
    Garden Grove, CA 92844
    
    (2) Glendale 2200 Fern Ln
    2200 Fern Ln
    Glendale, CA 91208
    
    (8) Cardenas Market Hesperia
    15555 Main St.
    Hesperia, CA 92345
    
    (8) Hoopa Tribe Grocery Store
    11900 CA-96
    Hoopa, CA 95546
    
    (2) Bonduelle -0102113
    4401 N Foxdale Ave
    Irwindale, CA 91706
    
    (4) Circle K - Lancaster
    108 E Avenue K
    Lancaster, CA 93535
    
    (10) Westin Los Angeles Airport
    5400 W Century Blvd
    Los Angeles, CA 90045
    
    (6) OmniTrans-West Valley
    4748 Arrow Highway
    Montclair, CA 91763
    
    (6) Pala Food Mart
    11156
    Pala, CA 92059
    
    (2) Wayfair-0102099
    3500 Indian Ave
    Perris, CA 92571
    
    (8) RANCHOCUCAMONGA EVHUB ADJ SWGR
    8303 Rochester Avenue
    Rancho Cucamonga, CA 91730
    
    (2) CHEVRON REDLANDS #1
    27321 San Bernardino Ave
    Redlands, CA 92374
    
    (1) CHEVRON REDLANDS #3
    27321 San Bernardino Avenue
    Redlands, CA 92374
    
    (20) Power Inn High Speed EV Charging
    3009 Power Inn Rd
    Sacramento, CA 95826
    
    (2) ARCO AMPM Northgate-82975
    4747 Northgate Blvd
    Sacramento, CA 95834
    
    (4) Arco, Kern St, CA
    145 Kern Street
    Salinas, CA 93905
    
    (1) SBCTA DC 1
    1170 W 3rd St
    San Bernardino, CA 92410
    
    (1) SBCTA DC 2
    1204 W 3rd St
    San Bernardino, CA 92410
    
    (6) East Valley
    1700 W Fifth Street
    San Bernardino, CA 92411
    
    (2) IC SF B2 EVC 1
    945 Market Street
    San Francisco, CA 94103
    
    (8) Westar - Crossroads Santa Maria
    2118 SOUTH BRADLEY ROAD
    Santa Maria, CA 93455
    
    (8) Hotel Nova SFO
    410 S Airport Blvd
    South San Francisco, CA 94080
    
    (2) Canoo Technology
    19951 Mariner Ave
    Torrance, CA 90503
    
    ‚û° CO
    
    (2) Boulder Valley School
    6500 Arapahoe Rd
    Boulder, CO 80303
    
    (2) Daniels Long Chevrolet
    670 Automotive Dr
    Colorado Springs, CO 80905
    
    (2) Winslow BMW
    5845 N Nevada Ave.
    Colorado Springs, CO 80918
    
    (6) Taubman Cherry Creek Mall (Denver, CO)
    3000 E 1st Ave
    Denver, CO 80206
    
    (12) AC Hotel - Tesla Supercharger
    1202 Summit Blvd
    Frisco, CO 80443
    
    (4) Emich Chevrolet
    2033 S Wadsworth Blvd
    Lakewood, CO 80227
    
    (2) King Longmont
    1415 Vista View Drive
    Longmont, CO 80504
    
    (3) City of Sheridan
    4101 S Federal Blvd
    Sheridan, CO 80110
    
    ‚û° DE
    
    (1) Preston Chrysler Dodge Jeep Ram of Wilmington - DCFC
    3807 Kirkwood Highway
    Wilmington, DE 19808
    
    ‚û° FL
    
    (6) 1610 Main Street (US-U9T-7MB-3B)
    1610 Main Street
    Chipley, FL 32428
    
    (2) Waffle House Chipley
    1680 Main Street
    Chipley, FL 32428
    
    (12) TA, County Road 210, FL
    1650 County Rd 210
    Jacksonville, FL 32259
    
    (2) Mullinax Ford of Kissimmee
    1810 E Irlo Bronson Memorial Hwy
    Kissimmee, FL 34744
    
    (1) LAKELANDGENESIS GENESIS LINK B
    1250 W Memorial Blvd
    Lakeland, FL 33815
    
    (1) LAKELANDGENESIS GENESIS LINK A
    1250 West Memorial Boulevard
    Lakeland, FL 33815
    
    (2) FORD#1 EXPP PL01
    1430 W Memorial Blvd
    Lakeland, FL 33815
    
    (2) LAKELAND HYUN EXPP PL02
    1500 W Memorial Blvd
    Lakeland, FL 33815
    
    (8) Thorntons, Tampa Rd, FL
    3780 Tampa Rd
    Oldsmar, FL 34677
    
    (6) Phillips Crossing
    8015 Turkey Lake Rd
    Orlando, FL 32819
    
    (6) Thorntons, W Hillsborough Ave, FL
    2356 W Hillsborough Ave
    Tampa, FL 33603
    
    (2) K FLAM FORD DC - 3
    41975 US Highway 19 North
    Tarpon Springs, FL 34689
    
    (2) K FLAM FORD DC - 2
    41975 US Hwy 19 N
    Tarpon Springs, FL 34689
    
    ‚û° GA
    
    (4) Lou Sobh VW Bogart GA
    4565 Atlanta Hwy
    Bogart, GA 30622
    
    (6) Kings Colonial Ford
    3565 Community Rd
    Brunswick, GA 31520
    
    (1) GEORGIA POWER CEDARTOWN DC1
    520 S Main St
    Cedartown, GA 30125
    
    (1) GEORGIA POWER CEDARTOWN DC2
    528 US-27 BUS
    Cedartown, GA 30125
    
    (2) Courtesy Ford 2 - DCFC
    1636 Dogwood Drive Southeast
    Conyers, GA 30013
    
    (1) Don Jackson Jeep
    5855 GA-400
    Cumming, GA 30028
    
    (2) GEORGIA POWER FOLKSTON DC2
    3846 South Second Street
    Folkston, GA 31537
    
    (2) TARGET FLEET HAMPTONTDC01
    1000 Site Pkwy
    Hampton, GA 30228
    
    (1) GEORGIA POWER LAKELAND DC1
    18 S Valdosta Rd
    Lakeland, GA 31635
    
    (1) GEORGIA POWER LAKELAND DC2
    18 South Valdosta Road
    Lakeland, GA 31635
    
    (1) M3 CPE250
    1715 North Brown Road
    Lawrenceville, GA 30043
    
    (2) GEORGIA POWER LINCOLNTON DC2
    110 North Peachtree Street
    Lincolnton, GA 30817
    
    (1) GEORGIA POWER LOUISVILLE DC1
    250 W Broad St
    Louisville, GA 30434
    
    (1) GEORGIA POWER LOUISVILLE DC2
    318 W Broad St
    Louisville, GA 30434
    
    (1) GEORGIA POWER MILLEN DC1
    614 East Winthrope Avenue
    Millen, GA 30442
    
    (1) GEORGIA POWER MILLEN DC2
    614 West Winthrope Avenue
    Millen, GA 30442
    
    (2) Oglethorpe Mall Macys West Entrance
    7804 Abercorn St. Ext.
    Savannah, GA 31406
    
    (4) WADEFORD3860 CL1-PL1
    3860 South Cobb Drive Southeast
    Smyrna, GA 30080
    
    (2) GEORGIA POWER SWAINSBORO DC2
    125 S Main St
    Swainsboro, GA 30401
    
    (1) GEORGIA POWER WARMSPRINGS DC1
    146 Broad St
    Warm Springs, GA 31830
    
    (1) GEORGIA POWER WARMSPRINGS DC2
    201 Main St
    Warm Springs, GA 31830
    
    (2) FS FORD POWER LINK 1
    900 Russell Parkway
    Warner Robins, GA 31088
    
    (2) FS FORD CL2 - PL2
    900 Russell Pkwy
    Warner Robins, GA 31088
    
    ‚û° IA
    
    (2) Humboldt Fareway
    1700 10th Ave N
    Humboldt, IA 50548
    
    (2) Moville 4 Way Stop Shop
    455 S 1st Street
    Moville, IA 51039
    
    ‚û° ID
    
    (2) St.Anthony Motors
    2293 S Yellowstone Hwy
    St Anthony, ID 83445
    
    ‚û° IL
    
    (4) Thorntons, N Farnsworth Ave, IL
    2609 N Farnsworth Ave
    Aurora, IL 60502
    
    (4) Thorntons, Tek Dr, IL
    911 Tek Drive
    Crystal Lake, IL 60014
    
    (1) Mangold Ford Eureka - DCFC
    1100 West Center Street
    Eureka, IL 61530
    
    (6) Thorntons, IL- 47, IL
    11975 Rt. 47
    Huntley, IL 60142
    
    (4) Thorntons, W Jefferson St, IL
    2798 W Jefferson St
    Joliet, IL 60435
    
    (6) Thorntons, West Algonquin Rd, IL
    2265 West Algonquin Road
    Lake in the Hills, IL 60102
    
    (1) Sutton Ford - DCFC
    21315 Central Avenue
    Matteson, IL 60443
    
    (1) Holzhauer Auto Truck Sales
    17933 Holzhauer Automall Dr.
    Nashville, IL 62263
    
    (1) Serra Honda Champaign
    100 Burwash Ave. Savoy, IL 61874
    Savoy, IL 61874
    
    (2) Kohls South Elgin IL DCFC
    350 Randall Rd
    South Elgin, IL 60177
    
    (1) Federico CDJ
    1875 East Edwardsville Road
    Wood River, IL 62095
    
    ‚û° IN
    
    (1) Grissom Chrysler Dodge Jeep Ram.
    2920 West Broadway Street
    Bunker Hill, IN 46914
    
    (4) Flying J 647
    844 East 1250 South
    Haubstadt, IN 47639
    
    (1) H & T Electrical Service
    4601 Airport Drive
    Valparaiso, IN 46383
    
    ‚û° KS
    
    (4) Heartland Energy Services
    1909 Lincoln St
    Concordia, KS 66901
    
    ‚û° KY
    
    (3) Purchase Ford Lincoln - DCFC
    1352 U.S. 45
    Mayfield, KY 42066
    
    ‚û° LA
    
    (1) Vaughn Chevrolet Buick GMC Bunkie
    1102 NW Main St.
    Bunkie, LA 71322
    
    (1) NORTHPARK HYUND FRONT
    200 Holiday Square Blvd
    Covington, LA 70433
    
    (1) FRT FAST CHARGE FRONT #2
    5600 Veterans Memorial Boulevard
    Metairie, LA 70003
    
    ‚û° MA
    
    (2) SARATFL PL-03
    245 Springfield St
    Agawam, MA 01001
    
    (2) SARATFL PL-02
    245 Springfield Street
    Agawam, MA 01001
    
    (2) SARATFL PL-01
    245 State Hwy 147
    Agawam, MA 01001
    
    (2) WIT CAMPUS EV WENTWORTH DC 2
    600 Parker Street
    Boston, MA 02120
    
    (1) CITY OF BOSTON TAFT HILL DC1
    10 Taft Hill Terrace
    Boston, MA 02131
    
    (4) PVHG HIEXPRESS DCFC4
    321 Center Street
    Ludlow, MA 01056
    
    (4) Camilia Service & Auto
    10 Taunton St
    Plainville, MA 02762
    
    (1) ROUTE44 STATION 2
    1094 U.S. 44
    Raynham, MA 02767
    
    (2) SHARON TH TOWN HALL - 1
    90 South Main Street
    Sharon, MA 02067
    
    (2) SERVICEDRIVE UNIT 2
    683 East Columbus Avenue
    Springfield, MA 01105
    
    ‚û° MB
    
    (1) Redline Chrysler Dodge Jeep Ram - Fast Charger
    1941 Dubruiel st
    Swan River, MB R0L 1Z0
    
    ‚û° MD
    
    (1) Preston Motor - DCFC
    101 North Philadelphia Boulevard
    Aberdeen, MD 21001
    
    ‚û° MI
    
    (2) BP East Lansing
    2139 Haslett Rd
    East Lansing, MI 48823
    
    (2) Grand Rapids
    5285 Clay Ave SW
    Grand Rapids, MI 49548
    
    (1) Fox Marquette Chevrolet
    2653 US 41,
    Marquette, MI 49855
    
    (4) Meijer 302 - Marquette, MI
    3630 US-41
    Marquette, MI 49855
    
    (1) Serra Chevrolet of Saginaw
    4200 Bay Rd
    Saginaw, MI 48603
    
    ‚û° MN
    
    (4) Apache Mall SPARK DCFC
    52 US-14
    Rochester, MN 55902
    
    (2) Shafer
    17444 Lake Blvd
    Shafer, MN 55074
    
    ‚û° MO
    
    (2) HANDYCARS ABB STATION 4
    715 Highgate Road
    Highgate, MO 05459
    
    ‚û° NC
    
    (12) Ayrsley
    8419 S. Tryon St.
    Charlotte, NC 28273
    
    (5) Flying J 682
    1043 Jimmie Kerr Rd
    Graham, NC 27258
    
    (4) Smart Shop # 2
    3819 McConnell Rd
    Greensboro, NC 27405
    
    (2) Impex Chevrolet GMC
    2009 BARNES ST.
    REIDSVILLE, NC 27320
    
    ‚û° NH
    
    (2) GMG DCFC STATION 2
    202 N Main St
    Lancaster, NH 03584
    
    (4) 33 Nashua Rd
    33 Nashua Rd
    Londonderry, NH 03053
    
    (2) GMG DCFC AT 0311 #1
    113 Grove Street
    Peterborough, NH 03458
    
    ‚û° NJ
    
    (2) Guntzer Street Municipal Lot Fort Lee NJ DCFC
    2030 Guntzer Street
    Fort Lee, NJ 07024
    
    (2) EV 01 EV 03 STATION1
    570 Washington Blvd
    Jersey City, NJ 07310
    
    (1) ESSEX COUNTY RIKER HILL DC1
    276 Beaufort Avenue River Hill Art Park
    Livingston, NJ 07039
    
    (2) 136 Summit Ave
    136 Summit Ave
    Montvale, NJ 07645
    
    (1) Causeway Honda
    457 NJ-72
    Stafford Township, NJ 08050
    
    (2) ESSEX COUNTY ZOO DC 4
    560 Northfield Ave Behind first Parking deck
    West Orange, NJ 07052
    
    ‚û° NM
    
    (1) Amazing Hospitality Corp
    2500 Menaul Boulevard
    Albuquerque, NM 87107
    
    (1) San Mateo
    5000 San Mateo Blvd NE
    Albuquerque, NM 87109
    
    (1) Abraxas Electric LLC
    505 Moon Street
    Albuquerque, NM 87123
    
    (2) BPA at FLETC - Artesia
    190 Gun Powder Blvd
    Artesia, NM 88210
    
    ‚û° NT
    
    (2) Behchoko - Level 3
    4 Capital Drive
    Hay River, NT X0E 1G2
    
    ‚û° NV
    
    (20) Resort World Las Vegas
    2912 S Sammy Davis Jr Dr
    Las Vegas, NV 89109
    
    (1) JS MAZDA LV SLS-PAD
    6525 Centennial Center Blvd
    Las Vegas, NV 89149
    
    ‚û° NY
    
    (2) Maguire Chevrolet of Baldwinsville
    112 Syracuse Street
    Baldwinsville, NY 13027
    
    (2) DENNY'S RIVER O4
    1 River St
    Cortland, NY 13045
    
    (4) Dovi Ford
    263 Tompkins St
    Cortland, NY 13045
    
    (6) Ford Building
    2472 Corning Rd
    Elmira, NY 14903
    
    (4) Maguire Chevrolet of Grand Island
    2000 Alvin Rd
    Grand Island, NY 14850
    
    (4) Hyde Park- HondoGO
    4167 Albany Post Rd
    Hyde Park, NY 12538
    
    (2) Maguire Chrysler Dodge Jeep Ram of Ithaca
    318 Elmira Rd
    Ithaca, NY 14850
    
    (6) EVolve NY Jamestown
    1365 E 2nd Street
    Jamestown, NY 14701
    
    (6) EVolve NY Katonah
    252 Katonah Ave
    Katonah, NY 10536
    
    (4) CAMBRIA HOTEL RAINBOW 02
    311 Rainbow Boulevard
    Niagara Falls, NY 14303
    
    (8) Hampton Inn Owego
    1030 NY-17C
    Owego, NY 13827
    
    (6) EVolve NY Pulaski
    3323 Maple Avenue
    Pulaski, NY 13142
    
    (13) Regional Transit Service
    1372 East Main Street
    Rochester, NY 14609
    
    (4) EVolve NY Saugerties
    NY-212
    Saugerties, NY 12477
    
    (20) Maguire Chrysler Dodge Jeep Ram of Syracuse
    959 Hiawatha Blvd W
    Syracuse, NY 13204
    
    (4) EVolve NY Westfield
    8246 NY-5
    Westfield, NY 14787
    
    ‚û° OH
    
    (4) 110 Southwest St.
    110 Southwest St.
    Bellevue, OH 44811
    
    (1) VW SHOWROOM VW AUDI SHOP
    401 N Hamilton Rd
    Columbus, OH 43213
    
    (4) Matt Castrucci Auto Mall
    3013 Mall Park Dr
    Dayton, OH 45459
    
    (2) Jim Schmidt Chevrolet-Buick Inc.
    575 West High St
    Hicksville, OH 43526
    
    (2) Klaben Ford Island - DCFC
    1091 West Main Street
    Kent, OH 44240
    
    (6) Belden Park Crossings
    5496 Dressler Road
    North Canton, OH 44720
    
    ‚û° OK
    
    (2) OnCue 129
    5251 E Waterloo Rd
    Edmond, OK 73034
    
    (2) OnCue 122
    1000 N Czech Hall Rd
    Yukon, OK 73099
    
    ‚û° ON
    
    (2) LAKELAND EV CHARGING - Muskoka Lumber Community Centre
    56 Salmon Ave
    Bracebridge, ON P1L 0M9
    
    (2) LAKELAND EV CHARGING - Lakeland Office
    196 Taylor Rd
    Bracebridge, ON P1L 1J9
    
    (6) CAVALCADE CAVALDADE 03
    420 Ecclestone Dr
    Bracebridge, ON P1L 1R1
    
    (4) LAKELAND EV CHARGING - Memorial Park
    20 Rene Caisse Ln
    Bracebridge, ON P1L 2B5
    
    (3) LAKELAND EV CHARGING  - Downtown Parking Lot
    167 Ontario St
    Burk's Falls, ON P0A 1C0
    
    (2) Expert Chevrolet Buick GMC Ltd
    500 Highway 11 East Box 850
    Hearst, ON P0L 1N0
    
    (6) LAKELAND EV CHARGING - Downtown Parking Lot
    11 High St
    Huntsville, ON P1H 1N9
    
    (2) PETRO-CANADA 35326-KINGSTON1
    1586 Centennial Drive
    Kingston, ON K7P 0C7
    
    (1) UWO MAIN CAMPUS SOUTH VALLEY FC
    1151 Richmond St
    London, ON N6A 5B9
    
    (1) UWO MAIN CAMPUS SSB LOWER FC
    558 Wellington Dr
    London, ON N6G 2J8
    
    (2) BMW LONDON LINK
    766 Wharncliffe Rd S
    London, ON N6J 2N4
    
    (3) LAKELAND EV CHARGING - Community Centre
    4304 Hwy 520
    Magnetawan, ON P0A 1P0
    
    (1) MBO VANS CENTRE 300SS #2
    300 South Service Road West
    Oakville, ON L6K 3X5
    
    (4) LAKELAND EV CHARGING - Bobby Orr Community Centre
    7-17 Mary St
    Parry Sound, ON P2A 1C8
    
    (4) LAKELAND EV CHARGING - The Stockey Centre
    2 Bay St
    Parry Sound, ON P2A 1S3
    
    (4) LAKELAND EV CHARGING - Trestle Brewing Company
    9 Great North Rd
    Parry Sound, ON P2A 2X8
    
    (3) LAKELAND EV CHARGING - Municipal Office
    5 Humphrey Dr
    Seguin, ON P2A 2W8
    
    (3) LAKELAND EV CHARGING - Lions Park
    91 Water St
    Sundridge, ON P0A 1Z0
    
    (1) J-LR WATERLOO REAR LEVEL 3
    527 King St N
    Waterloo, ON N2L 5Z6
    
    ‚û° OR
    
    (4) Damerow Ford
    12325 SW Canyon Rd
    Beaverton, OR 97005
    
    (2) AAA OR ID AAA-CLK3
    10365 SE Sunnyside Rd.
    Clackamas, OR 97015
    
    (1) AAA OR ID AAA-EUG3
    983 Willagillespie Rd
    Eugene, OR 97401
    
    (4) Doherty Ford
    4223 Pacific Ave
    Forest Grove, OR 97116
    
    (1) AAA OR ID AAA-LKO3
    6 Centerpointe Dr.
    Lake Oswego, OR 97035
    
    (24) Electric Island
    4717 N Lagoon Ave
    Portland, OR 97217
    
    ‚û° PA
    
    (8) The Shops - Rockvale
    35 S Willowdale Dr
    Lancaster, PA 17602
    
    (2) Sun Chevy
    2939 Washington Road
    McMurray, PA 15317
    
    (6) Simon South Hills Village (Pittsburgh, PA)
    301 South Hills Village
    Pittsburgh, PA 15241
    
    ‚û° QC
    
    (2) BRCC - Berthierville - Gadoury - Fromagerie Victoria
    791, Rue Gadoury
    Berthierville, QC J0K 1A0
    
    (2) BRCC - Lachute - Principale
    1345, Rue Principale
    Lachute, QC J8H 3W7
    
    (2) BRCC - Greenfield Park - Galeries Taschereau
    3810, Boulevard Taschereau
    Longueuil, QC J4V 2H9
    
    (2) BRCC - Verdun - Boul. LaSalle
    4110, Boulevard LaSalle
    Montr√©al, QC H4G 2A5
    
    (4) BRCC - Stoneham - 1re av - La Souche
    22, 1re Avenue
    Stoneham-et-Tewkesbury, QC G3C 0K7
    
    ‚û° SC
    
    (1) Herlong Ford DCFC
    775 Augusta Road
    Edgefield, SC 29824
    
    (2) Prothro Chevrolet Buick GMC
    452 N Brooks St
    Manning, SC 29102
    
    (2) Berkely Ford
    2829 Highway 52
    Moncks Corner, SC 29461
    
    (2) Stokes Trainor Chevrolet Buick GMC
    2004 Wilson Rd
    Newberry, SC 29108
    
    ‚û° TN
    
    (1) GUEST CHARGER CPE250 DC
    5300 Mt. View Road
    Antioch, TN 37013
    
    (1) Long Chevrolet, Buick, GMC
    1900 Congress Pkwy S
    Athens, TN 37303
    
    (10) MB BUCEES  SEVIERVILLE 1-2
    170 Buc-ee's Boulevard
    Kodak, TN 37764
    
    (1) GUEST CHARGER CPE250 DCFC
    343 Harding Pl
    Nashville, TN 37211
    
    (8) Taubman The Mall at Green Hills (Nashville, TN)
    2126 Abbott Martin Rd
    Nashville, TN 37215
    
    ‚û° TX
    
    (4) 724
    3001 Mountain Pass Blvd
    Anthony, TX 79821
    
    (1) BAYER CHEVROLET
    1101 W. CENTRAL AVE
    COMANCHE, TX 76442
    
    (2) HYUNDAI DEL RIO HDR 1
    1508 Veterans Boulevard
    Del Rio, TX 78840
    
    (1) BIGSTAR HYUNDAI FRONT PL DC
    17990 Gulf Fwy
    Houston, TX 77546
    
    (10) MB BUCEES  LULING 5-6
    190 U.S. 90
    Luling, TX 78648
    
    (4) Classic Elite Chevrolet - Sugarland
    13115 Southwest Fwy
    Sugar Land, TX 77478
    
    (10) MB BUCEES  WHARTON 5-6
    10484 U.S. 59
    Wharton, TX 77488
    
    ‚û° UT
    
    (5) Doug Smith Kia
    499 Lindon Park Dr
    Lindon, UT 84042
    
    (2) TriCounty Health Dep Roosevelt
    409 South 200 East
    Roosevelt, UT 84066
    
    (4) TDF FC 2
    2534 N 200 E
    Spanish Fork, UT 84660
    
    ‚û° VA
    
    (2) MALLOYCHEVROLET CPE250 2
    2150 Seminole Trail
    Charlottesville, VA 22901
    
    (3) Tysons Galleria Upper Level Neiman Marcus DCFC
    2001 International Dr
    Mclean, VA 22102
    
    ‚û° VT
    
    (2) Dorset School
    130 School Dr
    Dorset, VT 05251
    
    (1) HANDYCARS ABB STATION 2
    701 Highgate Rd
    Highgate, VT 05459
    
    (1) HANDYCARS ABB STATION 1
    715 Highgate Rd
    Highgate, VT 05459
    
    (2) Manchester Elementary School
    80 Memorial Ave
    Manchester, VT 05255
    
    (2) SUMMIT EV THE BARN NORTH2
    1436 West Main Street
    Richmond, VT 05477
    
    ‚û° WA
    
    (4) Bud Clary Ford
    700 7th Ave
    Longview, WA 98632
    
    (4) Bud Clary Ford of Moses Lake
    1140 S Pioneer Way
    Moses Lake, WA 98337
    
    (1) Nintendo of America
    1229 NW 8th St
    North Bend, WA 98045
    
    (6) Municipal Lot Fast Charger
    728 Market St.
    Tacoma, WA 98402
    
    (4) Westlie Motors
    40 S Marina Way
    Washougal, WA 98671
    
    ‚û° WI
    
    (2) City of Eau Claire
    122 East Madison Street
    Eau Claire, WI 54703
    
    (3) Heiser Ford - DCFC
    1700 West Silver Spring Drive
    Glendale, WI 53209
    
    (2) Bay Area Rural Transit, Phillips
    265 N Avon Ave
    Phillips, WI 54555
    
    ‚û° WV
    
    (1) Thornhill Superstore
    US 119 AT TRACE FORK RD
    Chapmanville, WV 25508
    
    (2) IBEW 317
    1848 Madison Ave
    Huntington, WV 25704
    
    (2) JH HYUNDAI 2
    1000 D St
    South Charleston, WV 25303
    ",boutell,3,2/15/2025 20:21,https://www.reddit.com/r/electricvehicles/comments/1iqad1d/new_us_and_canadian_ccs_chargers_in_january_2025/,0,electricvehicles
South Texas to Washington state road trip in a Tesla model Y,"What do you personally think about that? I feel like I‚Äôm going to do it regardless, but I would like opinions. From my location in Texas to the location in Washington I am 1day and 14 hours away. So about at 2 day trip, in a Tesla model Y, what do you think? Please ask me questions if needed.",Timely-You-1981,0,2/16/2025 0:52,https://www.reddit.com/r/electricvehicles/comments/1iqga5m/south_texas_to_washington_state_road_trip_in_a/,2,electricvehicles
Thoughts on renting a F150 lightning for a week (as a model Y owner),"Background:  
I own a 2023 model Y and a 2015 ICE F150.  In spite of recent events I love my Tesla.  The family went on vacation and we lucked out with the rental company and got a 2024 F150 lightning. 


The good: 
It feels like a truck, with all the benefits of an EV.  It still has some of the acceleration I love about EVs.  I've grown used to not having buttons in the Tesla, but there are a handful that are really useful (volume, temperature, etc).  Although honestly Ford could lose half the buttons and still be ok.  I loved the top down view in reverse, extremely useful with a big truck.  I loved having the stats on the dash (speed, charge level, etc), but not a deal breaker.


The bad:
The infotainment is miles behind Tesla.  I loved being able to use Android Auto, but I honestly don't miss it at all in the Tesla.  I miss the AI detection of speed limit signs as the maps were wrong on a couple occasions.  Although not a Ford issue, having to use third party chargers was a huge turn off.  Since it was a rental I couldn't use an adapter with Tesla's supercharger network.  I had so many problems with chargers in a single week I can see why people get frustrated.   While I've owned a very similar sized F150 for years, it's used as a backup vehicle to the Tesla and for towing.  Using it as a family vehicle was cumbersome, it's just too big.  EDIT:  going with traffic  on the freeway is brutal, I can almost feel the battery drain in real time.


The bottom line: 
Love the lightning, and probably would have gotten one if they were not so expensive and hard to find when we bought the Tesla.  With all of that said, my only real complaint is the infotainment.  Everything else is not really a lightning problem.  It's too large as a family vehicle, but that's an F150 issue not a lightning specific one.  If only someone would make a smaller 4 door EV truck that could handle light towing and the occasional trip to home Depot.",Simon-is-IT,27,2/15/2025 3:33,https://www.reddit.com/r/electricvehicles/comments/1ipsp43/thoughts_on_renting_a_f150_lightning_for_a_week/,80,electricvehicles
Anyone else bummed that they changed the new Model Y back to regular stock turn signals?,I love my steering wheel turn signals on my cybertruck and can‚Äôt imagine going back.,svr_wizard,0,2/16/2025 15:27,https://www.reddit.com/r/electricvehicles/comments/1iqukwp/anyone_else_bummed_that_they_changed_the_new/,59,electricvehicles
Scout EV Updates - Specifically about the Harvester.,"Based on what the CEO stated in this podcast - the generator we thought was coming will actually now be a hybrid with 120-150 miles of range and 350 miles of range gas 2.0l motor. The regular EV version will have 350 miles of range. 

There‚Äôs a lot of information in the forum link, but that‚Äôs the jist of the large change. ",AsterismRaptor,62,2/14/2025 22:09,https://www.scoutevforum.com/forum/threads/4-cylinder-harvester-erev-engine-confirmed-by-ceo-scott-0-60mph-range-payload-towing-specs-discussions.11828/,43,electricvehicles
Motion sickness from being in an EV?,"My wife has issues with getting motion sick. No problems being a driver in our current gas guzzler (Mazda CX-5), but test driving the Ioniq5 made her literally ill. 

Does anyone else experience this? Are there EVs more akin to the CX-5? Literally the only reason we've not gotten an EV thus far.",meatmountain,0,2/16/2025 3:52,https://www.reddit.com/r/electricvehicles/comments/1iqjlbi/motion_sickness_from_being_in_an_ev/,115,electricvehicles
Acura Reconsiders EV-Only Future and Eyes the Return of Hybrid Models,,jeffsmith202,37,2/15/2025 0:30,https://www.caranddriver.com/news/a63798528/acura-ev-future-pause-new-hybrids-possible/,32,electricvehicles
BYD Seagull under camo in the UK,,skididapapa,52,2/14/2025 22:42,https://www.speakev.com/threads/byd-seagull-under-camo-in-the-uk.189834,1,electricvehicles
Mazda plans $150 million investment in Thailand EV production,,tomandluce,130,2/14/2025 15:56,https://www.reuters.com/business/autos-transportation/japans-mazda-plans-150-million-investment-thailand-ev-production-2025-02-13/,15,electricvehicles
Chinese EV cars flooding the market,"Chinese EV cars are flooding the market. As I personally never had neither EV nor Chinese car, do you think it is a good alternative to cars from other parts of the world? Price wise it is not a question, I am more interested in quality, maintenance, parts supply if it is needed. ",Nakedtruth8417,0,2/16/2025 8:38,https://www.reddit.com/r/electricvehicles/comments/1iqnyxy/chinese_ev_cars_flooding_the_market/,116,electricvehicles
"Porsche to cut nearly 2,000 German jobs as EV struggles worsen",,deppaotoko,567,2/14/2025 7:15,https://electrek.co/2025/02/13/porsche-cut-nearly-2000-german-jobs-ev-struggles-worsen/,236,electricvehicles
Dumb question but‚Ä¶.could EVs eventually dump normal braking systems and rely on one-pedal only?,"Ive never seen anything published but i was just thinking since i have virtually not used brakes since getting my EV‚Ä¶.could the weight amd expense of brakes not get saved and just rely on the motor to do the braking with perhaps some sort of simplified emergency/parking brake only system as the backup?

Just curious",JDtheID,0,2/16/2025 4:15,https://www.reddit.com/r/electricvehicles/comments/1iqjywu/dumb_question_butcould_evs_eventually_dump_normal/,56,electricvehicles
Is My Volkswagen Passat PHEV Charging Too Slowly? Seeking Insights,"I‚Äôve had my 2025 Volkswagen Passat plug-in hybrid (PHEV) for a couple of months now, and I specifically chose this model because of its 50 kW DC fast-charging capacity, thinking it would be great for road trips. However, when I take it to fast chargers rated at 300+ kW, the best charging speed I‚Äôve ever seen is 15 kW‚Äîfar below what I expected.

For context:
	‚Ä¢	Temperatures have been between 26¬∞F and 46¬∞F (-3¬∞C to 8¬∞C) since I got the car.
	‚Ä¢	I mostly use a home trickle charger (which works fine for daily use), but I‚Äôm concerned about road trips as the weather warms up.
	‚Ä¢	I‚Äôve only used public fast chargers, not home DC charging.
	‚Ä¢	I know cold weather affects charging speeds, but this seems like an extreme reduction.

Is this kind of speed normal for winter conditions with a PHEV? Can I expect an improvement once the weather warms up? Are there settings, preconditioning steps, or other factors that could be affecting my charging speed? I‚Äôd appreciate any insights from other Passat PHEV owners or EV enthusiasts who‚Äôve experienced similar issues!",RamMasterFlash84,3,2/15/2025 8:37,https://www.reddit.com/r/electricvehicles/comments/1ipx76n/is_my_volkswagen_passat_phev_charging_too_slowly/,61,electricvehicles
The ultimate stress test for electric vehicles,"Interesting article that lines up with my experiences exactly.

https://driving.ca/features/winter-driving/electric-vehicle-stress-test",Apellio7,9,2/14/2025 23:29,https://www.reddit.com/r/electricvehicles/comments/1ipo56l/the_ultimate_stress_test_for_electric_vehicles/,35,electricvehicles
Tesla Takeover: protests planned at Tesla stores globally this weekend,,randolphquell,1897,2/13/2025 18:48,https://electrek.co/2025/02/13/tesla-takeover-protests-pla-at-stores-this-weekend-tesla-takeover/?fbclid=IwY2xjawIa9kBleHRuA2FlbQIxMQABHSdW18avSrJyO27wiZQ_Kbm9jLcm4wn5gMgCATk5v7sbRBlU0KVOJ5mq9Q_aem_xGjYu2AzV6NsLy8HhdhM8Q,624,electricvehicles
Xpeng says its orders in 1st week after Chinese Spring Festival 7.6 times 2024's same period,,Peugeot905,40,2/14/2025 15:21,https://cnevpost.com/2025/02/14/xpeng-orders-1st-week-after-spring-festival-2025/,16,electricvehicles
Leaving car while in queue,"If I park in the waiting area spots during full queue, am I allowed to leave to a nearby shop for 10-15 minutes and come back? I understand if when it‚Äôs my turn I get skipped, but if not and new people come they‚Äôll see my car empty. Not sure what the protocol is or if it‚Äôs better not to leave.",klutz7,0,2/15/2025 19:27,https://www.reddit.com/r/electricvehicles/comments/1iq94dc/leaving_car_while_in_queue/,14,electricvehicles
"If I run out of power, can I use a 1600w 240v inverter or generator","I have both a ryobi powerstation and a generator both capable of 1600w x 240v and about to get an mg4. 

If I run out of charge and get something like the Arlec ip65 which has a 1440w mode, will I be able to charge an mg4 (even of only just a little).

(It has been a while but I have run out of fuel too many times)",StephenM222,1,2/15/2025 8:44,https://www.reddit.com/r/electricvehicles/comments/1ipxafs/if_i_run_out_of_power_can_i_use_a_1600w_240v/,46,electricvehicles
U.S. State Department Pauses Plan to Spend $400M on Armored Teslas,,SpriteZeroY2k,760,2/13/2025 19:38,https://www.caranddriver.com/news/a63785649/tesla-state-department-armored-vehicle-contract/,209,electricvehicles
"A reminder to UK EV owners, EV's will be charged ¬£195< from April onwards, so renew yours now!","You've likely already heard that from April this year, the DVLA will start charging road tax (VED) for electric vehicles which can be upwards of ¬£195!

It's possible to bag yourself an extra 12 months free if you renew in time.

Watch this quick video as it explains what is going on and shows you what you need to do:
https://youtu.be/4W_K_0CJB8U?si=U5gaJgBS1cGlPq5q

Just thought I'd post this both as a reminder to people as you need to do this before the end of March, and also for those who were unsure what it was they needed to do. Hope it helps.

Now to go rest, for tomorrow is my longest journey yet in my EV, and I can't wait!",RealWorldJunkie,10,2/14/2025 18:37,https://www.reddit.com/r/electricvehicles/comments/1iphir7/a_reminder_to_uk_ev_owners_evs_will_be_charged/,9,electricvehicles
EVs At 25.1% Share In Germany ‚Äì Volkswagen ID.7 Best-Seller,,Chicoutimi,494,2/13/2025 21:08,https://cleantechnica.com/2025/02/13/evs-at-25-1-share-in-germany-volkswagen-id-7-best-seller/,67,electricvehicles
LG Energy Solution's Technology Boosts Solid-state Battery Charging Speed by 10 Times,,deppaotoko,59,2/14/2025 7:56,https://batteriesnews.com/lg-energy-solutions-technology-boosts-solid-state-battery-charging-speed-by-10-times/,13,electricvehicles
"Hyundai IONIQ 9 officially launches in Korea, next stop is the US",,SpriteZeroY2k,238,2/13/2025 23:42,https://electrek.co/2025/02/13/hyundai-ioniq-9-officially-launches-korea-next-stop-is-the-us/,87,electricvehicles
Aston Martin EVs could get vibrating bodies for V12 feel,,linknewtab,16,2/14/2025 12:18,https://www.autocar.co.uk/car-news/new-cars/aston-martin-evs-could-get-vibrating-bodies-v12-feel,76,electricvehicles
Hertz EV Rental in LAX as a Foreigner,"Hi, I'm a foreigner who is going to LAX soon and by far, the cheapest option for Hertz car rental is the Intermediate Electric Elite (Polestar 2 or similar). I also just signed up for the Hertz Gold Reward free membership, if it changes anything. I also have never driven an EV.

Now I have read many reviews discouraging foreigners (especially ones new to EV) from renting EV as it can be a headache, from queuing up in charging stations, to broken chargers, to payment cards not working.

Questions:

1. I was wondering if I could still proceed to book this Intermediate Electric Elite option and then just ask them to change my car preference as I pick it up? Is this a ""perk"" of being a free gold member? Or will I still get up-charged?

2. I have also read that Teslas are a good starting point for EV beginners as it is more straightforward to use, such as at Tesla superchargers. If this is the case, would they allow me to switch to a Tesla? Or should I completely stop trying to rent an EV?

Appreciate all your responses!",GlobeTrotterBJ,5,2/14/2025 18:08,https://www.reddit.com/r/electricvehicles/comments/1ipgum3/hertz_ev_rental_in_lax_as_a_foreigner/,26,electricvehicles
"Xiaomi SU7 Ultra: 2'09""944 on Shanghai Int'l Circuit, a record for production cars",,Upbeat-Serve-6096,56,2/14/2025 2:17,https://bsky.app/profile/thinkercar.bsky.social/post/3li43x2ua7c2h,32,electricvehicles
Will out-of-home charging ever reach gas levels of convenience?,"Right now, ICE cars can pull into a gas station and get 350 miles of range in under 10 minutes. Do you think EV charging stations will get to that point in our lifetime?

Edit: not a bad faith ‚ÄúEVs suck‚Äú post, just wondering what kind of advancements will be needed for this to be practical",Future-Advice3012,93,2/13/2025 23:36,https://www.reddit.com/r/electricvehicles/comments/1iowy7v/will_outofhome_charging_ever_reach_gas_levels_of/,435,electricvehicles
Polestar 2 LR DM vs. BMW i4 eDrive40,"My currenct company car is almost at the end of its lease so I had to choose a new one. I narrowed down the list to the 2 mentioned models and I wanted to share my experiences and I hope it can be of help for anyone who would be in the same situation. TLDR at the end.

On paper I would choose the Polestar 2 as currently there is a 'Business Edition' that adds the 3 main option packages for free. I would be able to almost choose it full option within the budget I get from my company. It also has more power than the BMW and it has 4WD.

Last Monday I had a test drive with both of the cars. The Polestar was up first and I didn't really click with it. Sure it has a lot of power when you put your foot down which is always fun, but to my feeling the throttle pedal is not very responsive. There is like a little bit of delay until the power kicks in. Inside the car I also felt like there was not that much of space as a driver. I'm rather small (1,68m) but with the center console being so wide I felt like I didn't have enough room. It touched my leg during driving and when I was driving on cruise control I couldn't really get a comfortable position for my leg. The arm rest above the cup holders was also not really good as I rested my arm more on the sloping parts of the center console than on the actual arm rest. Apart from this the car is ok to drive with and the Android Auto infotainment system is also easy to work with.

Next up was the BMW and from the first moment this car felt so much better to drive with. It's much quieter inside (I drove both cars on the highway and secundary roads) and more comfortable when going over bumps and potholes (and we sure do have a lot of these here in Belgium). The throttle is much more responsive and although the car has less power than the Polestar it still does have enough power to have a pleasant ride. The cockpit feels much more spacious and is more comfortable to sit in. The infotainment system works well and has wireless Carplay, opposed to the Polestar which only has wired Carplay.

As I was leaning more towards the Polestar initially (on paper, before the test drives) but my feeling completely switched and I was really more convinced of the BMW. I was able to get a quote from the dealer with the options that mattered most to me for more or less the same budget as the Polestar 2. After some days of thinking and discussing it with my wife I ended up ordering the BMW and it really feels as the best decision for me and I'm really happy with my choice.

Looking forward to September now when it will be delivered :-)

TLDR: I ended up choosing the BMW which drives much better than the Polestar 2 but it comes with a bigger price tag so I had to compensate a little bit in the chosen options but I was able to get the things that matter to me within my budget.

  
Edit: typo",vanhessche,16,2/14/2025 8:09,https://www.reddit.com/r/electricvehicles/comments/1ip5ubd/polestar_2_lr_dm_vs_bmw_i4_edrive40/,11,electricvehicles
Chevy Blazer EV.R To Challenge Mustang Mach-E in NASCAR,,kevinxb,105,2/13/2025 21:59,https://carbuzz.com/chevy-blazer-evr-to-challenge-mustang-mach-e-in-nascar/,32,electricvehicles
Does EVs heating system are generally bad compared to ICE cars?,"Hey,

I have some issues with my EV. You can have a look at my post here:
https://www.reddit.com/r/peugeot/comments/1ipycsq/peugeot_e208_issues/

My question is, does EVs heating system are really that bad or my car is the problem? This is my first EV so coming from an ICE car I get used to that no matter what, if I turned on the heating it was ON without any restrictions. If I turned ON the heated seats or steering wheel it was ON all the time. Never let me down. But here I am in winter and my heating system is rubbish, I feel like the heat pump gives me absolutely no benefit. The battery just tank like crazy. I just need a clarification that it is a general thing or this specific car or brand is the one to avoid in the future.
Thank you!

",YesGabol,0,2/15/2025 10:19,https://www.reddit.com/r/electricvehicles/comments/1ipyij8/does_evs_heating_system_are_generally_bad/,62,electricvehicles
New sub available for Jeep Wagoneer S EV,"Some good discussions already in this EV thread, but here‚Äôs a new place for anyone looking for Jeep Wagoneer S specific content. 
https://www.reddit.com/r/JeepWagoneerS/s/YmhHOX0G7f",LonghornLowe,6,2/14/2025 12:58,https://www.reddit.com/r/electricvehicles/comments/1ip9zxy/new_sub_available_for_jeep_wagoneer_s_ev/,5,electricvehicles
"The Honda-Nissan merger is dead | Always more of a takeover than a merger, they agreed to call the whole thing off.",,chrisdh79,255,2/13/2025 15:46,https://arstechnica.com/cars/2025/02/the-honda-nissan-merger-is-dead/,42,electricvehicles
Driving to Philly from Durham NC,"I need to drive to Philly and back in a couple weeks. Anyone else made this drive before in an EV? I'm especially looking for tips on the fastest / most reliable charging spots along the way. I made this drive once before a while ago and I made¬†*all*¬†the wrong decisions, wasted tons of time looking for chargers that work, and almost ran out of juice at one point. Super stressful. For reference I've got a Ford Mustang Mach-e with about 200 mile range, though I'll be starting out at about 170.",gabe9000,1,2/14/2025 21:32,https://www.reddit.com/r/electricvehicles/comments/1iplkwt/driving_to_philly_from_durham_nc/,16,electricvehicles
Will Chevy ever bring back either these 2 cars? The Volt or the Bolt? why did they discontinue them?,"The Volt was a PHEV, or Plug-in-Hybrid, while the Bolt was a full EV, were both of these not selling well for Chevy?",H8beingmale,20,2/14/2025 4:48,https://www.reddit.com/r/electricvehicles/comments/1ip2uhp/will_chevy_ever_bring_back_either_these_2_cars/,84,electricvehicles
Prototype Supernal (Hyundai) Electric Tiltrotor Testing,,DiDgr8,28,2/14/2025 2:50,https://www.twz.com/air/mystery-tiltrotor-aircraft-identified,1,electricvehicles
EV Charger - OK to use standard NEMA 14-50 for a short while?,"It is my understanding that standard 14-50 receptacles are not rated for continuous use that an EV charger demands.

  
I have purchased Leviton 1450R, which is appropriately rated for EV chargers, but the service will be hooked up a week or so before my electrician can swap them.

  
Can I run for a short while on the standard receptacles without major risk or issue?",nemock7,2,2/14/2025 17:04,https://www.reddit.com/r/electricvehicles/comments/1ipfbjt/ev_charger_ok_to_use_standard_nema_1450_for_a/,19,electricvehicles
"VinFast Reports Record Q4 Deliveries, Surpasses 2024 Sales Targets",,gUIdesYL,20,2/14/2025 3:26,https://emobilityplus.com/2025/02/13/vinfast-reports-record-q4-deliveries-surpasses-2024-sales-targets/?,9,electricvehicles
Charging at Festivals?,"This is actually two questions:
1) Do you drive your EVs to festivals held in rural areas?
2) Would you if they provided charging?",Shocksteky,0,2/14/2025 20:03,https://www.reddit.com/r/electricvehicles/comments/1ipjjnx/charging_at_festivals/,9,electricvehicles
Solid-State Batteries Are In ‚ÄòTrailblazer‚Äô Mode. What's Holding Them Up?,,Receding_Hairline23,59,2/13/2025 19:08,https://insideevs.com/news/749893/evs-solid-state-batteries-near-finish-line-roadblocks/,123,electricvehicles
VW shows side view of the upcoming small electric car ID.1,,linknewtab,26,2/13/2025 22:39,https://www.electrive.com/2025/02/13/vw-shows-side-view-of-the-upcoming-small-electric-car-id-1/,28,electricvehicles
Volvo Wants U.S. Batteries For The EX90 As Tariffs 'Take A Bite' Out Of Profits,,gradontripp,126,2/13/2025 13:39,https://insideevs.com/news/750559/volvo-ex-90-us-batteries-tariff/,29,electricvehicles
Will traditional OEMs ever adopt direct-to-consumer models for EVs?,"I'm currently taking a grad school entrepreneurship class. My idea for a startup was offering a 3-day test drive at your house for EVs and PHEVs. The car would be delivered, you would have time to drive it for your commute or errands, and then you would talk to the sales person. I thought this would help drive EV adoption by making people comfortable with charging, range anxiety, etc...

This got me thinking, do you think traditional OEMs will start offering something similar to compete with startups like Telsa and Rivian?

Will there be a move to direct-to-consumer models for EVs? (like what Scout Motors is doing)

(Obviously for my startup idea to work there would need to be a partnership with an OEM or dealership network; otherwise it would be a legal nightmare with the car dealership franchising laws)",Downtown_Salamander,9,2/14/2025 3:50,https://www.reddit.com/r/electricvehicles/comments/1ip1uho/will_traditional_oems_ever_adopt_directtoconsumer/,35,electricvehicles
"""Armored Tesla"" forecast to win $400 million State Department contract, government documents show",,bobsil1,1096,2/13/2025 0:23,https://www.dropsitenews.com/p/elon-musk-armored-tesla-forecast-400-million-state-department-contracts,302,electricvehicles
I Drive The New Smart #5 For The First Time! 100kWh Battery w/ Up To 645...,,Mediocre-Message4260,22,2/13/2025 21:23,https://youtube.com/watch?v=LyfeiOwKu5c&si=nosfNzq3gPTgW4iT,14,electricvehicles
Is it legal to convert a car to electric in Denmark?,Not sure if anyone would know the specific laws for Denmark but I am moving there soon and converting my car to electric seems like the best option considering it currently has a Euro 0 rating.. but looking it up I found out it's not so easy in a lot of European countries.. Would it be possible for me in Denmark or should I abandon my dreams of keeping my vintage car?,over24mine,9,2/14/2025 2:00,https://www.reddit.com/r/electricvehicles/comments/1iozs3n/is_it_legal_to_convert_a_car_to_electric_in/,9,electricvehicles
Toronto Drops Tesla from Taxi Grant Program as Deputy Mayor Calls to Shut Down Tesla Yorkdale,,Protomize,2380,2/12/2025 19:32,https://driveteslacanada.ca/news/toronto-drops-tesla-from-taxi-grant-program-as-deputy-mayor-calls-to-shut-down-tesla-yorkdale/,52,electricvehicles
"Senators propose killing US EV tax credit, new $1,000 tax for road repairs",,arsene14,537,2/12/2025 23:15,https://www.reuters.com/business/autos-transportation/republican-senators-call-1000-tax-new-ev-sales-pay-road-repairs-2025-02-12/,271,electricvehicles
Xiaomi YU7 spotted testing as launch approaches,,Elegant_Addendum_223,62,2/13/2025 11:15,https://m.arenaev.com/xiaomi_yu7_spy_shots_reveal_tesla_model_y_rival-news-4413.php,24,electricvehicles
The FIRST Road Trip In the VW ID.Buzz Was...,,SnoozeDoggyDog,0,2/15/2025 2:06,https://m.youtube.com/watch?si=jcjHiVbct4VIhbA2&v=Bbsduv0vezo&feature=youtu.be,5,electricvehicles
Audi S6 e-tron Avant range test,,This_Is_The_End,47,2/13/2025 8:30,https://youtu.be/82mtrIwQUlg,17,electricvehicles
Hyundai Might Reveal Solid State in March,,Bravadette,189,2/13/2025 1:15,https://insideevs.com/news/750505/hyundai-solid-state-battery-ev-reveal-march/,65,electricvehicles
"Rivian Warns Of Imminent $10,000 Price Hike For Canada",,SpriteZeroY2k,427,2/12/2025 20:31,https://insideevs.com/news/750523/canadian-rivian-prices-2025-feburary/,160,electricvehicles
Are EREVs actually a step forward,"This looks like a step back in our electric transition, but could actually be a step forward, especially in the use cases of towing a trailer or in big rigs, like what Edison motors is trying to do. ",Admirable_North6673,126,2/13/2025 2:51,https://www.motortrend.com/features/what-is-an-erev-extended-range-ev/,363,electricvehicles
The US needs far more hybrid vehicles than pure BEVs,"The US is short 128gw of capacity for the next five years, caused by data centers and manufacturing.

[https://www.utilitydive.com/news/shocking-forecast-us-electricity-load-could-grow-128-gw-over-next-5-years-Grid-Strategies/734820/](https://www.utilitydive.com/news/shocking-forecast-us-electricity-load-could-grow-128-gw-over-next-5-years-Grid-Strategies/734820/)

For example, Microsoft bought 100% of power generated by Three Mile Island when it reopens, until 2048.

[https://www.datacenterdynamics.com/en/news/three-mile-island-nuclear-power-plant-to-return-as-microsoft-signs-20-year-835mw-ai-data-center-ppa/](https://www.datacenterdynamics.com/en/news/three-mile-island-nuclear-power-plant-to-return-as-microsoft-signs-20-year-835mw-ai-data-center-ppa/)

It's not a given but it's possible that DCFC gets throttled in the next few years, changing the driving equation.  Both from power companies as well as by shared power for more chargers per location.

This did not pass but it shows recognition of a grid problem, that we can't get enough power to where people need it for dcfc.

[https://casten.house.gov/media/press-releases/casten-tonko-introduce-ev-grid-act-meet-increasing-electricity-demand-ev](https://casten.house.gov/media/press-releases/casten-tonko-introduce-ev-grid-act-meet-increasing-electricity-demand-ev)

**DCFC**

The demand for dcfc would be so big that current shortage is only 250kwh 365,714 DC fast chargers at once. With perfect change over (no one uses more than 30 minutes) only about 13.165 million vehicles could charge per day at that rate.

The US has 283.5 million vehicles, so you could charge every 21 days.    17 times per year

The average miles driven per year is about 14,500.   Requiring you to get 850 miles of range in 30 minutes only dc fast charging.

So to support 100% EVs using only dc fast charging the country needs about 500gigawatts of capacity just for EVs.  And the next five years most the demand is, again, for data centers and manufacturing.

So 100% dcfc seems unrealistic to get rid of gas vehicles on a 20 year timeline, if we assume they build that 128gw in the next five years

**L2**

If we switch to only 7.7kwh charging (30 @ 240) and people charge overnight mainly.

283.5 million cars would mostly be charged in two shifts of 8 hours each.  Home overnight and work during business hours. Very roughly this should account for overlap, fewer but longer sessions by some and weird schedules.  That's 141.75 million vehicles at once L2 charging.

For a BEV getting 60 miles each day would need to charge about 230 times per year per vehicle given 8 hours.   We basically need full capacity for 141.7 million vehicles at all times

That's 1091gigawatts of power needed

It's a lot higher due to more concurrent demand for longer in the day.  And the next five years most the demand is, again, for data centers and manufacturing.

**The problem**

The assumption of this is we cannot build that many fast chargers on any given timeframe.  It's easier to install slow chargers.

The average BEV range is about 300 miles.  Need to charge about 50 times a year, so once a week, if we could fast charge every week.

If we had perfect turnover and people that's a need for 15.75 million DC Fast chargers in the US, all  being used perfectly for 18 hours a day.  No idle time, someone is always waiting for you to end at every single one of them.  While that's not reasonable what does that require?

At $50k each that's $787,500,000,000 needed for chargers

NEVI is a $5 billion program for one year.  Even when running it's off by a factor of 150x.  We need to scale up charger funding to be over $35 billion every year for 20-years (to stay in line with potential generation scale up)

L2 chargers are cheaper, at an average of about $3500.  But needing one per every two vehicles it's only $495,950,000,000 in cost.  Still a lot of money.

The issue with going to an electric future isn't demand, it's electrical capacity and charger cost.

**Where Do We Put Them?**

About 2/3 of housing has a driveway.  Including all parking, only 48% have private parking.

Shared parking muddies things.  Imagine an apartment complex with 200 spots for 100 units.

People like to get a spot closest to their unit.  And what about guests?   The complex even adding 20 L2 chargers could cost be $1 million and they aren't going to be in the right places for anyone needing them.  They aren't going to be turned over well when people sit in the spot all night.   So long term will need more and more and more dedicated chargers.

Half the country is in a situation where charging is a pain.

The other half can charge overnight if they spend the money, and many can't.

Having a driveway doesn't mean their landlord will install one.  What if they need to upgrade the panel first?  About 30% of all homes have a 100 amp panel.

So even those who charge at home have problems to solve

So we need lots of public slow chargers and people today who don't want to pay the dcfc premium to be using them for many hours every day.

That 14500 miles is 39 per day.  Most people would be well served with a hybrid that can go 70-80 miles per full charge and charge nightly with grid management software determining when they need to be charged by.  You may be forced start at 1am, 3am or such to spread out demand.

**The answer?**

A slowdown in EV sales is coming as a result.  We aren't scaling up charging fast enough.  We're building out charging an order of magnitude slower than is needed.

The average car lasts 12.6 years.  That means half of all vehicles are over 13 years old.

A very rough estimate has 7% of cars on the road todays as EV in the US.

[https://www.eia.gov/todayinenergy/detail.php?id=62924](https://www.eia.gov/todayinenergy/detail.php?id=62924)

The answer is we need far more plug in hybrid models on the market in the next decade.   We need to slow down dcfc electrical demand by shifting sales away from BEVs.

The rest of the world is already heading that way.  1/3 of cars in Europe are hybrids and in China hybrid sales doubled and phevs could have a larger market share in a few years.

The exact numbers vary by country.  It appears to depend on how far people drive.  Norway is small and compact and as a result fewer than 10% of new electric vehicles are hybrids.   The US is large and low density so I would expect hybrids dominate electric vehicle sales long-term.   Cities like NYC will rely on public charging so I expect those with cars choose hybrids to have options.

[https://www.strategyand.pwc.com/de/en/industries/automotive/electric-vehicle-sales-review-2024-q2.html](https://www.strategyand.pwc.com/de/en/industries/automotive/electric-vehicle-sales-review-2024-q2.html)",flyingemberKC,0,2/14/2025 18:20,https://www.reddit.com/r/electricvehicles/comments/1iph48f/the_us_needs_far_more_hybrid_vehicles_than_pure/,118,electricvehicles
EV exports from the USA,"If EV sales in the US decline because of changing policies, is there any chance that Ford and GM would make EVs for export but not sell them here at home?  ",Donindacula,0,2/13/2025 21:30,https://www.reddit.com/r/electricvehicles/comments/1iou4q1/ev_exports_from_the_usa/,26,electricvehicles
Nissan follows BYD by bringing DeepSeek tech to its new N7 EV,,SpriteZeroY2k,166,2/12/2025 16:35,https://electrek.co/2025/02/12/nissan-follows-byd-bringing-deepseek-tech-new-n7-ev/,33,electricvehicles
Drove EV home and realized I have wrong outlet.,"My EV came with a NEMA 14-50 plug and I have a NEMA 6-50 electrical receptacle.

Would it be acceptable to get an adapter or should i be looking at an electrician to upgrade outlet?",Double_O_Sullivan,16,2/13/2025 4:22,https://www.reddit.com/r/electricvehicles/comments/1ioay2x/drove_ev_home_and_realized_i_have_wrong_outlet/,59,electricvehicles
First sighting for me of a Dongfeng Nammi Box,,Dawg-Dee-Lux,140,2/12/2025 15:54,https://www.reddit.com/gallery/1inu2ao,38,electricvehicles
"RJ, Founder and CEO of Rivian, on the Rich Roll Podcast.",Check this out... [https://youtu.be/P8jvaPaC0Ak?si=c8aVHBO1qY4m1-M\_](https://youtu.be/P8jvaPaC0Ak?si=c8aVHBO1qY4m1-M_),everythingisart6,1,2/13/2025 18:17,https://www.reddit.com/r/electricvehicles/comments/1iopl7e/rj_founder_and_ceo_of_rivian_on_the_rich_roll/,0,electricvehicles
2019 Corsa e problems,"So earlier last year I upgraded my 2011 1.2l corsa for a fully electric corsa‚Ä¶ when it works I love this car. But frankly it‚Äôs cost me a lot of money having brakes re done, new tyres. I am really starting to regret going ahead with the loan with this car. I got it through a Vauxhall dealer with a finance agreement with Stellantis and frankly think it‚Äôs been a terrible terrible decision. I keep randomly getting a message in the dashboard ‚ÄúElectric Traction System Fault: stop vehicle and see onboard documents‚Äù. This is accompanied by the battery light in red, warning triangle in red and then the car symbol with an exclamation in red. Sometimes I can‚Äôt even turn my car on for anything from a couple of hours up to a day when it doesn‚Äôt this. Also the battery light comes up if I put my air con on. I‚Äôm scared to take it to the dealer incase I‚Äôm given a multi thousand pound bill for a fix. I just can‚Äôt afford that on a car that‚Äôs realistically only worth about ¬£7k now.

Has anyone got any ideas on if this is a common problem/easy fix?",pineappleonpizza30,1,2/13/2025 17:39,https://www.reddit.com/r/electricvehicles/comments/1ioonz9/2019_corsa_e_problems/,6,electricvehicles
Which models inherently support V2H,"I searched this sub but couldn‚Äôt find a conclusive answer. In our area, US Southwest, we have frequent power outages. I waited for years for a Chadmo solution but gave up and sold my Leaf. Bought an Equinox and the GM Energy package and I am set. Now several friends in the area want this peace of mind as well but wouldn‚Äôt touch a GM product (nor a Tesla). Thus the question: who else offers turnkey V2H? Not interested in DIY solutions. ",humam1953,18,2/13/2025 1:45,https://www.reddit.com/r/electricvehicles/comments/1io7yvp/which_models_inherently_support_v2h/,50,electricvehicles
2025 Lucid Air Sapphire Review [Throttle House],,Bmotley,80,2/12/2025 17:15,https://www.youtube.com/watch?v=wZEcy_TPrJ0,50,electricvehicles
Global Electric Vehicles sales surge 18% year-over-year in January,,randolphquell,1083,2/12/2025 2:07,https://electrek.co/2025/02/11/global-ev-sales-surge-18-y-o-y-but-speed-bumps-lie-ahead/,127,electricvehicles
2025 Volvo EX30 Charging Test - How Fast Does It Charge?,,whitevwjetta,13,2/13/2025 1:32,https://youtu.be/JZacc1yk8Ts?si=S5Ns9f5ne3ClHAD0,22,electricvehicles
Hyundai Teases Production-Spec N Vision 74 And Mysterious SUVs | Carscoops,,self-fix,66,2/12/2025 16:20,https://www.carscoops.com/2025/02/hyundai-teases-production-spec-n-vision-74-and-mysterious-suvs/,22,electricvehicles
Grid code for V2G integration,"Hello everyone,

It is my first time here, currently, I am doing my research on the V2G grid code and my question is ""What is the current status of the existing Vehicle-to-Grid (V2G) grid code"" and ""Where can I find information?""

Thank you very much...",Own-Reply7857,2,2/13/2025 10:10,https://www.reddit.com/r/electricvehicles/comments/1iofx32/grid_code_for_v2g_integration/,6,electricvehicles
Not sure it will catch on,Spotted this interesting little EV at Brunel University today. Perfect little runaround for shifting stuff around the uni. ,svacher,41,2/12/2025 17:43,https://i.redd.it/ve7994zcwqie1.jpeg,13,electricvehicles
EVGo system down nationally?,Anyone know when the system will be back up?,Bravadette,12,2/13/2025 0:08,https://www.reddit.com/r/electricvehicles/comments/1io5xvh/evgo_system_down_nationally/,7,electricvehicles
"BYD's Supply Chain Financing Masks Ballooning Debt, GMT Says",,DeathChill,35,2/12/2025 17:19,https://financialpost.com/pmn/business-pmn/byds-supply-chain-financing-masks-ballooning-debt-gmt-says,31,electricvehicles
How Will Performance EVs Hold Up Over Time?,"EVs are still relatively new, but we‚Äôre starting to see more high-performance electric cars on the road. With brands like Lotus going all-in on EVs with the Eletre, Emeya, and Evija, I wonder how these cars will hold up long-term compared to traditional gas-powered performance cars.
Curious to hear from people who have had EVs for a while‚Äîhow has your car changed over time? üöó‚ö°",Rare-Standard3323,0,2/13/2025 15:58,https://www.reddit.com/r/electricvehicles/comments/1iom9ef/how_will_performance_evs_hold_up_over_time/,11,electricvehicles
Best provider of subscriptions for charging electric vehicles valid,"Hi, do you know of a provider of subscriptions for charging electric vehicles, which has a single rate per kW in the subscription and which is valid at the same price per kW for any charging station in Europe? with a price below 0.20‚Ç¨/kW",United_Bit1756,0,2/13/2025 12:37,https://www.reddit.com/r/electricvehicles/comments/1ioi49h/best_provider_of_subscriptions_for_charging/,1,electricvehicles
"Tesla stores are targeted by vandals and arsonists, FBI gets involved",,shares_inDeleware,1942,2/11/2025 13:11,https://electrek.co/2025/02/10/tesla-stores-are-targeted-by-vandals-and-arsonists-fbi-gets-involved/,388,electricvehicles
